salesforce_id,name
0015000000OGhOFAA1,11x17 Inc
0011T00002VRWl5QAH,Amrita Aromatherapy
0011T00002hDvsbQAC,Bagnet
0011T00002aCEx7QAG,BT Remedies
0011T00002Qdb4RQAR,Cart Tek Golf Carts
0015000001rCn3RAAS,Chelsea Clock Company
0015000001Q16e2AAB,Collections Etc.
0011T00002YljrmQAB,Cooking Gift Set
0011T00002QxTDJQA3,Creative Teaching Press
0011T00002K8jgfQAB,Dell'Amore Sauce
0015000000fJJUCAA4,DK Hardware Supply
0011T00002KzlJbQAJ,Everything Legwear
0011T00002OLN8MQAX,Flame Boss
0011T00002YoBBYQA3,For Loving Family
0011T00002f1rHcQAI,Giftcraft
0015000000IYj9GAAT,Greek Gear
0011T00002QdoFJQAZ,Head Case Designs
0015000001W8TTKAA3,Home Controls
0011T00002VVHWnQAP,Juniper Books
0011T00002TsLuXQAV,Maccabi Art
0011T00002X7lKJQAZ,Mantua Mfg. Co.
0015000000XlQMgAAN,Miles Kimball Co.
0015000000iKUacAAG,NobleWorks Cards
0015000001IX0ttAAD,One World Memorials
0011T00002Xd2KAQAZ,Palm Beach Motoring Group
0011T00002RVgiJQAT,PatchMD
0011T00002XbeRhQAJ,Performance Inspired Nutrition
0015000000OUY0yAAH,Pillows.com
0011T00002ezNYhQAM,Premier Dental
0011T00002dISafQAG,Prime Time Toys
0011T00002Ylk68QAB,Promenaid Handrails
0011T00002VUz41QAD,RH Adhesives
0011T00002KXqNfQAL,Seta Corporation of Boca
0011T00002RVFfcQAH,Sfoglini Pasta
0011T00002aDO6MQAW,Solly Baby
0011T00002hF7PeQAK,Style Republic
0011T00002Xcp19QAB,Sunrise Fresh LLC
0015000000XlhTGAAZ,Suspenderstore
0015000000oos8qAAA,Tall Men Shoes
0011T00002K9hB9QAJ,Ultimate Office
0011T00002RVSxfQAH,VacuMaid
0011T00002T3HKWQA3,Warstic Sports
0011T00002RUtNnQAL,Wedding Collectibles
0011T00002dISafQAG,PrimeTimeToys
0011T00002Ylk68QAB,PromenaidHandrails
0011T00002VUz41QAD,RHAdhesives
0011T00002dJ990QAC,RKane
0011T00002KXqNfQAL,SetaCorporationofBoca
0011T00002RVFfcQAH,SfogliniPasta
0011T00002RVF5aQAH,SharkIndustries
0015000000b1NZtAAM,Sharperuniforms
0015000001Z0KTYAA3,SolaceNutrition
0011T00002aDO6MQAW,SollyBaby
0011T00002f0tLzQAI,SPARCWelders
0011T00002X7FjuQAF,SpellBrite
0011T00002hF7PeQAK,StyleRepublic
0011T00002Xcp19QAB,SunriseFreshLLC
0015000000XlhTGAAZ,SuspenderStore
0015000000XlhTGAAZ,SuspenderStoreCA
0015000000oos8qAAA,TallMenShoes
0015000000oos8qAAA,TallMenShoesCA
0011T00002XbfqVQAR,TheBBQGuru
00150000019ZrMaAAK,TheEastwoodCompany
0011T00002Wsa0wQAB,ThePondGuy
0011T00002K9P5KQAV,TreadmillDoctor
0011T00002K9hB9QAJ,UltimateOffice
0011T00002RVSxfQAH,VacuMaid
0011T00002T3HKWQA3,WarsticSports
0011T00002RUtNnQAL,WeddingCollectibles
