Email,Salesforce,Name,SellerID,MarketplaceID
exclusive.11x17@gmail.com,0015000000OGhOFAA1,11x17Inc,A1KZIRB594ZR63,ATVPDKIKX0DER
exclusive.airmaxinc@gmail.com,0011T00002dIqh2QAC,AirmaxInc,A1EDR7O0GKJKM5,ATVPDKIKX0DER
exclusive.amritaaromatherapy@gmail.com,0011T00002VRWl5QAH,AmritaAromatherapy,A3UMJHS6SHQ8BX,ATVPDKIKX0DER
exclusive.canopiesandtarps@gmail.com,0015000000Yctd7AAB,CanopiesandTarps,A7I2YL3BUWCTJ,ATVPDKIKX0DER
exclusive.carttek@gmail.com,0011T00002Qdb4RQAR,CartTekGolfCarts,A1I3EK956DK1JY,ATVPDKIKX0DER
exclusive.chelseaclock@gmail.com,0015000001rCn3RAAS,ChelseaClockCompany,A3J5WGRK7IHDPA,ATVPDKIKX0DER
exclusive.collectionsetc@gmail.com,0015000001Q16e2AAB,CollectionsEtc,A3I373N02JZ7KY,ATVPDKIKX0DER
exclusive.cookinggiftsetco@gmail.com,0011T00002YljrmQAB,CookingGiftSet,A24R7GZ7VTNDUR,ATVPDKIKX0DER
exclusive.creativeteachingpress@gmail.com,0011T00002QxTDJQA3,CreativeTeachingPress,A2IJXE68ZVDQS5,ATVPDKIKX0DER
exclusive.dkhardware@gmail.com,0015000000fJJUCAA4,DKHardwareSupply,A2VNERJJQ7ERIT,ATVPDKIKX0DER
exclusive.eastwood@gmail.com,00150000019ZrMaAAK,TheEastwoodCompany,AS9TMMX2PSD5N,ATVPDKIKX0DER
exclusive.everythinglegwear@gmail.com,0011T00002KzlJbQAJ,EverythingLegwear,A18LNK3PPKQVXU,ATVPDKIKX0DER
exclusive.exposuresonline@gmail.com,0015000000XlQMgAAN,MilesKimballCo,A3DDXVL7CRJQ43,ATVPDKIKX0DER
exclusive.flameboss@gmail.com,0011T00002OLN8MQAX,FlameBoss,A36S5Q73Q4RG33,ATVPDKIKX0DER
exclusive.greekgear@gmail.com,0015000000IYj9GAAT,GreekGear,A1TK411GES6DH8,ATVPDKIKX0DER
exclusive.homecontrols@gmail.com,0015000001W8TTKAA3,HomeControls,A33RI86K4PO1EO,ATVPDKIKX0DER
exclusive.indianametalcraft@gmail.com,0011T00002aCI6UQAW,IndianaMetalCraft,A3N2A9S0675O9K,ATVPDKIKX0DER
exclusive.jakemanscoughdrops@gmail.com,0011T00002aCEx7QAG,JakemansCoughDrops,A19164Q08DQ775,ATVPDKIKX0DER
exclusive.jenlis@gmail.com,0011T00002dIqkQQAS,Jenlis,A2I0UTEKZ4U2KZ,ATVPDKIKX0DER
exclusive.juniperbooks@gmail.com,0011T00002VVHWnQAP,JuniperBooks,A3F0Z3BXDQJ51N,ATVPDKIKX0DER
exclusive.ledonneleather@gmail.com,0011T00002OOhGJQA1,LeDonneLeatherCo,AALDYTGHEXEY6,ATVPDKIKX0DER
exclusive.lifetimecreations@gmail.com,0011T00002XbelRQAR,LifetimeCreations,A3VWEB86KKF0ZW,ATVPDKIKX0DER
exclusive.maccabiart@gmail.com,0011T00002TsLuXQAV,MaccabiArt,A3SQH3JJ1JGZUA,ATVPDKIKX0DER
exclusive.maccabiart@gmail.com,0011T00002TsLuXQAV,MaccabiArtCA,A3SQH3JJ1JGZUA,A2EUQ1WTGCTBG2
exclusive.maccabiart@gmail.com,0011T00002TsLuXQAV,MaccabiArtMX,A3SQH3JJ1JGZUA,A1AM78C64UM0Y8
exclusive.nobleworks@gmail.com,0015000000iKUacAAG,NobleWorks,A2ZEACN6HZG406,ATVPDKIKX0DER
exclusive.oneworldmemorials@gmail.com,0015000001IX0ttAAD,OneWorldMemorials,A27DZ6AEG3S5P8,ATVPDKIKX0DER
exclusive.organicplumber@gmail.com,0011T00002dIqi5QAC,OrganicPlumber,A1HFUF2VYO1U1X,ATVPDKIKX0DER
Exclusive.patchmd@gmail.com,0011T00002RVgiJQAT,PatchMD,AAY3MGLYONKAO,ATVPDKIKX0DER
exclusive.pdcdistinc@gmail.com,0011T00002dIqiyQAC,PDCDistInc,A34FPZHMIY123F,ATVPDKIKX0DER
exclusive.primetoys@gmail.com,0011T00002dISafQAG,PrimeTimeToys,A1IJ79RUKV3R8E,ATVPDKIKX0DER
exclusive.promenaidhandrails@gmail.com,0011T00002Ylk68QAB,PromenaidHandrails,A1PGJPCVABD21K,ATVPDKIKX0DER
exclusive.rkane@gmail.com,0011T00002dJ990QAC,RKane,A3IENMCQXCW79U,ATVPDKIKX0DER
exclusive.seta@gmail.com,0011T00002KXqNfQAL,SetaCorporationofBoca,AM8MLCU3BDMVQ,ATVPDKIKX0DER
exclusive.sfoglini@gmail.com,0011T00002RVFfcQAH,SfogliniPasta,ADX1TAYGA3CTT,ATVPDKIKX0DER
exclusive.sharkindustries@gmail.com,0011T00002RVF5aQAH,SharkIndustries,APU93WLAWEG4R,ATVPDKIKX0DER
exclusive.sharperuniforms@gmail.com,0015000000b1NZtAAM,Sharperuniforms,A17HP1RHYWHLBL,ATVPDKIKX0DER
exclusive.solacenutrition@gmail.com,0015000001Z0KTYAA3,SolaceNutrition,AAL5K5OG7EXQP,ATVPDKIKX0DER
exclusive.sollybaby@gmail.com,0011T00002aDO6MQAW,SollyBaby,A1O49WIFT5RHPO,ATVPDKIKX0DER
exclusive.sparcwelders@gmail.com,0011T00002f0tLzQAI,SPARCWelders,A142BOPDEE5UAO,ATVPDKIKX0DER
exclusive.spellbrite@gmail.com,0011T00002X7FjuQAF,SpellBrite,A306ZI56MCYT6,ATVPDKIKX0DER
exclusive.sunrisefresh@gmail.com,0011T00002Xcp19QAB,SunriseFreshLLC,A1S8LDMJ2TXKN5,ATVPDKIKX0DER
exclusive.suspenderstore@gmail.com,0015000000XlhTGAAZ,SuspenderStore,A1GHUR9GRQ1MLL,ATVPDKIKX0DER
exclusive.suspenderstore@gmail.com,0015000000XlhTGAAZ,SuspenderStoreCA,A1GHUR9GRQ1MLL,A2EUQ1WTGCTBG2
exclusive.tallmenshoes@gmail.com,0015000000oos8qAAA,TallMenShoes,A1YSQMO75PAU9M,ATVPDKIKX0DER
exclusive.tallmenshoes@gmail.com,0015000000oos8qAAA,TallMenShoesCA,A1YSQMO75PAU9M,A2EUQ1WTGCTBG2
exclusive.thepondguy@gmail.com,0011T00002Wsa0wQAB,ThePondGuy,A2GUPFRLXL7H99,ATVPDKIKX0DER
exclusive.treadmilldoctor@gmail.com,0011T00002K9P5KQAV,TreadmillDoctor,A1UQLPG568YOT7,ATVPDKIKX0DER
exclusive.ultimateoffice@gmail.com,0011T00002K9hB9QAJ,UltimateOffice,A2SZL7E5CR3VPJ,ATVPDKIKX0DER
exclusive.vacumaid@gmail.com,0011T00002RVSxfQAH,VacuMaid,A3G7XFY4PF6IJN,ATVPDKIKX0DER
exclusive.warstic@gmail.com,0011T00002T3HKWQA3,WarsticSports,ALNWQCXP4NHUL,ATVPDKIKX0DER
exclusive.weddingcollectibles@gmail.com,0011T00002RUtNnQAL,WeddingCollectibles,A3OCWP1XJ871MU,ATVPDKIKX0DER
EXCLUSIVE.Headcasedesigns@gmail.com,0011T00002QdoFJQAZ,HeadCaseDesigns,A22QQRQRS0T6NJ,ATVPDKIKX0DER
exclusive.headcasedesignsuk@gmail.com,0011T00002QdoFJQAZ,HeadCaseDesignsDE,A3NYXP6DUI6S3E,A1PA6795UKMFR9
exclusive.headcasedesignsuk@gmail.com,0011T00002QdoFJQAZ,HeadCaseDesignsFR,A3NYXP6DUI6S3E,A13V1IB3VIYZZH
exclusive.headcasedesignsuk@gmail.com,0011T00002QdoFJQAZ,HeadCaseDesignsIT,A3NYXP6DUI6S3E,APJ6JRA9NG5V4
exclusive.headcasedesignsuk@gmail.com,0011T00002QdoFJQAZ,HeadCaseDesignsUK,A3NYXP6DUI6S3E,A1F83G8C2ARO7P
exclusive.bbqguru@gmail.com,0011T00002XbfqVQAR,TheBBQGuru,A3GUC0XZVX2EPA,ATVPDKIKX0DER
exclusive.giftcraft@gmail.com,0011T00002f1rHcQAI,GiftCraft,AM4ZP15ND71VY,ATVPDKIKX0DER
exclusive.giftcraft@gmail.com,0011T00002f1rHcQAI,GiftCraftCA,AM4ZP15ND71VY,A2EUQ1WTGCTBG2
exclusive.izzosmile@gmail.com,0011T00002ezNYhQAM,PremierDental,A36M2KLNS6I21U,ATVPDKIKX0DER
exclusive.bagnet@gmail.com,0011T00002hDvsbQAC,Bagnet,A2PD8VLB9EVV1X,ATVPDKIKX0DER
exclusive.stylerepublic@gmail.com,0011T00002hF7PeQAK,StyleRepublic,A2ZRGSVDTQDKSD,ATVPDKIKX0DER
exclusive.rhadhesives@gmail.com,0011T00002VUz41QAD,RHAdhesives,A37CIXLAGNEAFA,ATVPDKIKX0DER
exclusive.dellamore@gmail.com,0011T00002K8jgfQAB,DellamoreSauce,A6ZNRAS6GWDFY,ATVPDKIKX0DER
exclusive.rizebeds@gmail.com,0011T00002X7lKJQAZ,MantuaMfg,AOZD6J9MH0865,ATVPDKIKX0DER
exclusive.palmbeachmotoring@gmail.com,0011T00002Xd2KAQAZ,PalmBeachMotoringGroup,A2B3WACBWPDWRJ,ATVPDKIKX0DER
exclusive.pillowsdotcom@gmail.com,0015000000OUY0yAAH,Pillowsdotcom,A32XE2KS7IX77D,ATVPDKIKX0DER
exclusive.pinutrition@gmail.com,0011T00002XbeRhQAJ,PERFORMANCEINSPIREDNUTRITION,A31KINQQQ3BOWK,ATVPDKIKX0DER
exclusive.ptouchamazon@gmail.com,0015000000dlb9VAAQ,PTouchDirect,A22RE9KVI02R6A,ATVPDKIKX0DER
